,TSLL,TSLW,MSH,MSW,MSPL,MSPD,FNL,MSPW,PGW,HKW,MSSN,SGN
0,37.77,3.03,115.8,6.07,24.57,33.4,29.77,28.81,23.34,0.32,90.33,140.67
1,64.6,4.07,155.5,6.43,29.33,31.3,33.57,38.97,29.01,0.29,153.33,99.33
3,45.63,3.23,151.8,8.5,29.53,31.57,42.7,23.65,20.27,0.32,95.0,93.33
4,43.33,3.53,125.53,6.67,27.27,33.4,32.97,30.93,26.39,0.33,131.33,133.0
6,56.7,2.13,113.37,3.87,25.47,17.37,27.33,5.99,5.03,0.26,117.0,24.0
8,39.13,2.17,141.53,3.9,16.77,22.4,40.17,4.72,3.45,0.25,105.67,25.33
9,35.27,2.4,107.1,4.93,21.43,26.53,34.0,15.13,12.29,0.23,66.0,96.67
11,45.5,2.93,146.0,6.63,31.83,24.37,34.47,26.41,22.68,0.32,101.67,105.0
12,49.9,1.87,116.93,3.8,19.6,16.77,24.17,6.53,5.23,0.24,94.67,38.67
13,36.6,2.97,122.33,6.13,28.6,30.17,29.03,29.63,22.71,0.26,93.0,116.33
14,32.43,3.03,86.07,4.63,20.2,27.37,21.17,17.97,15.22,0.29,77.0,90.33
15,36.7,2.77,119.67,6.33,18.93,28.43,37.1,26.99,21.4,0.3,106.33,119.33
16,34.9,2.83,105.5,7.0,26.3,47.73,38.73,29.36,23.79,0.3,84.33,92.0
17,34.87,2.63,114.07,5.53,22.87,31.23,20.0,25.93,21.21,0.35,101.0,119.33
18,39.0,2.97,116.47,8.2,25.2,28.1,28.83,29.57,22.35,0.37,93.0,103.67
19,42.23,2.9,109.43,5.9,23.3,22.87,32.83,19.5,16.61,0.31,86.0,95.67
20,42.4,2.63,95.87,4.27,24.3,24.27,43.37,13.7,10.87,0.36,98.67,54.67
21,39.57,2.87,106.7,6.77,28.4,24.27,34.43,27.26,22.41,0.41,110.67,75.67
22,38.83,2.67,119.53,4.93,24.5,28.0,45.73,24.16,20.9,0.39,81.67,113.0
24,37.9,2.93,127.73,6.67,25.27,25.4,37.03,26.45,22.24,0.35,115.0,101.0
25,37.93,2.5,99.67,6.13,26.67,22.83,37.8,20.2,17.09,0.4,100.67,63.67
26,31.1,2.57,107.13,5.5,19.77,24.73,29.8,12.83,10.09,0.33,72.67,76.0
27,31.17,2.27,121.1,6.57,21.23,23.2,39.67,13.79,11.17,0.31,68.33,104.33
28,40.2,2.87,118.63,7.2,25.1,32.2,44.13,24.97,20.59,0.41,73.67,88.0
32,40.3,2.93,114.17,6.17,26.9,27.67,41.3,26.82,20.79,0.36,71.33,123.33
34,40.93,2.87,99.13,5.63,22.73,25.67,37.3,26.54,21.75,0.44,78.0,106.67
35,43.4,3.17,107.87,7.0,30.97,26.8,39.03,17.19,14.73,0.38,65.67,77.0
36,42.97,2.5,122.3,7.57,26.17,29.77,22.93,22.66,18.89,0.35,100.67,98.67
37,41.33,3.07,105.47,6.4,22.87,20.57,38.2,22.54,18.52,0.31,81.0,100.33
38,34.6,2.57,118.67,7.67,17.67,30.3,35.2,20.55,16.85,0.33,97.33,81.33
40,37.8,2.77,117.63,6.0,25.17,24.5,31.93,15.99,12.67,0.35,88.0,45.33
41,35.8,2.53,125.63,8.43,22.13,21.2,33.33,23.35,18.87,0.33,100.0,77.67
42,31.6,2.6,122.83,7.67,19.83,31.37,26.2,12.28,10.31,0.31,66.0,85.0
43,43.93,2.67,130.57,6.87,25.9,29.03,34.43,31.82,26.79,0.36,75.33,164.0
44,41.97,2.93,117.07,5.23,25.1,21.53,49.4,28.29,24.26,0.3,105.67,135.33
45,41.73,2.87,122.53,8.1,23.07,27.1,31.53,16.67,14.04,0.39,83.0,91.0
46,45.17,3.13,135.47,7.53,21.2,30.07,29.4,17.6,14.09,0.34,80.0,78.0
47,46.23,3.3,105.07,6.93,26.43,37.07,34.73,20.22,17.54,0.32,77.0,126.0
48,41.3,2.8,135.17,7.77,31.0,24.43,36.93,13.99,11.56,0.34,93.67,75.0
50,43.1,2.87,132.6,7.1,21.93,27.0,31.6,19.76,17.02,0.35,78.33,117.33
51,37.23,3.07,135.57,6.97,22.53,39.93,29.63,30.36,24.99,0.3,76.0,104.0
52,48.53,3.47,131.1,7.1,29.07,39.16,40.7,16.99,13.55,0.4,61.0,109.0
53,32.67,3.0,113.2,4.97,21.87,26.5,34.67,8.37,6.82,0.32,75.5,66.5
55,47.07,3.13,116.93,6.77,22.9,33.87,37.7,21.54,17.89,0.34,64.67,112.33
56,41.37,3.13,125.1,5.73,27.33,25.4,41.33,18.01,14.61,0.38,77.67,82.67
57,41.27,3.13,123.5,7.93,31.7,29.57,42.17,29.24,23.68,0.31,103.67,127.0
58,39.3,3.07,120.5,5.23,21.3,38.0,36.67,24.27,20.74,0.3,76.0,128.0
59,41.83,2.87,114.03,5.4,23.67,28.73,42.9,15.48,12.74,0.38,76.0,68.0
60,43.57,3.3,124.4,5.77,24.23,29.67,43.2,27.94,27.17,0.4,93.0,137.67
61,41.93,3.6,121.33,5.73,30.53,39.13,24.3,42.31,36.07,0.35,94.67,121.67
62,42.67,3.13,138.67,5.83,26.63,29.13,48.37,21.37,17.61,0.38,79.0,95.33
64,41.03,2.87,139.3,7.6,26.83,31.33,46.8,28.73,21.8,0.35,74.67,137.33
68,36.97,2.7,115.77,6.53,28.93,34.97,33.37,26.98,22.38,0.34,105.0,103.33
69,36.8,2.83,117.5,5.27,19.6,38.17,31.47,28.64,24.91,0.36,73.0,137.33
70,43.37,2.77,104.47,6.43,22.33,40.13,39.7,17.97,15.37,0.39,88.67,98.67
71,38.03,2.2,104.83,5.27,22.93,26.7,41.23,12.84,11.27,0.38,72.33,85.33
73,40.83,2.7,111.03,5.37,22.9,33.27,42.57,18.26,13.75,0.37,83.33,83.67
74,34.8,2.67,105.73,5.47,20.63,28.23,41.17,19.24,16.85,0.36,77.33,90.67
75,29.6,2.3,125.73,6.77,22.53,31.8,36.9,30.19,25.72,0.29,107.67,104.67
79,41.17,2.5,114.5,6.47,21.6,28.03,34.37,18.52,14.89,0.25,79.0,92.67
80,39.1,2.3,105.17,3.8,16.1,21.1,32.23,18.77,15.99,0.32,83.33,135.0
82,38.37,2.6,106.57,4.3,18.23,19.3,25.67,17.55,13.15,0.27,75.0,92.67
83,37.27,2.57,115.53,3.93,16.47,19.67,31.47,14.14,11.02,0.27,82.33,66.67
85,39.23,2.63,107.93,0.6,24.43,2.07,39.8,15.33,12.23,0.33,95.0,71.67
87,44.67,2.5,109.33,5.27,17.9,27.97,30.43,10.66,8.62,0.23,99.0,68.33
88,36.77,2.27,152.27,7.4,14.53,29.9,25.27,12.06,8.61,0.19,68.33,104.0
89,46.97,2.8,118.03,5.43,21.8,31.13,33.03,19.14,15.07,0.23,81.0,96.67
90,41.23,2.97,129.47,6.93,17.1,27.03,33.4,21.32,17.21,0.3,92.67,109.33
91,50.83,3.17,124.7,5.4,24.37,26.07,33.0,27.41,23.54,0.34,71.67,121.33
92,44.9,2.73,120.63,7.23,24.57,27.9,33.97,19.58,16.59,0.31,89.33,112.33
93,40.23,2.5,114.1,0.5,20.47,2.43,26.97,13.61,11.15,0.28,77.0,83.67
94,52.8,3.43,127.6,6.77,26.07,29.33,31.43,27.56,22.69,0.25,70.0,192.0
95,44.77,3.13,96.53,5.0,21.6,27.37,31.0,17.02,14.22,0.29,68.33,119.0
98,53.6,2.65,101.5,0.67,28.43,2.37,33.2,11.51,8.61,0.36,88.33,57.67
99,50.9,3.23,119.57,5.43,23.77,26.13,35.07,17.27,14.77,0.28,70.33,127.33
100,49.8,2.87,119.47,5.93,23.93,25.37,36.67,15.69,11.76,0.26,74.33,80.33
102,45.33,2.77,128.47,6.53,26.03,25.0,33.07,15.5,12.36,0.24,82.0,78.33
103,39.67,2.73,99.13,0.53,18.2,2.6,27.7,7.34,5.17,0.23,69.0,57.67
104,38.17,2.97,114.07,6.1,17.23,26.1,28.03,12.3,10.24,0.3,76.0,77.0
105,36.43,2.23,82.27,3.57,18.7,22.07,31.97,6.08,3.66,0.25,73.0,35.33
106,37.3,2.57,85.7,4.97,18.5,23.23,27.33,13.74,10.7,0.25,77.33,81.0
107,42.23,2.8,84.73,5.07,18.83,27.2,32.13,12.32,9.99,0.36,61.33,78.0
108,41.63,2.8,106.07,4.3,16.7,18.83,30.93,12.61,10.43,0.27,85.33,63.67
111,43.0,2.6,110.27,4.7,23.23,19.3,42.6,12.86,10.52,0.29,82.33,78.0
112,46.17,2.97,118.23,6.4,24.87,27.87,28.83,14.56,12.33,0.33,56.0,91.67
113,51.73,2.97,94.23,0.53,25.77,2.8,29.27,8.94,5.37,0.3,71.33,88.33
114,39.37,2.23,95.8,5.47,18.87,23.53,26.43,15.41,12.56,0.29,64.67,128.0
115,48.93,2.87,95.9,3.93,23.73,23.4,29.7,15.19,11.6,0.26,76.67,106.67
116,39.17,2.53,98.27,4.57,19.43,23.77,30.6,15.64,11.54,0.27,82.0,88.33
117,41.17,2.8,109.33,4.33,19.93,22.93,24.93,12.3,9.98,0.28,76.0,83.67
119,35.5,2.8,109.83,6.4,24.9,23.47,33.9,14.17,12.04,0.26,75.0,110.67
121,56.73,3.07,91.13,4.77,30.57,26.9,37.43,17.81,14.72,0.35,115.67,69.33
122,23.2,2.23,91.43,0.4,14.43,1.9,30.1,8.57,6.66,0.22,70.33,97.33
123,69.7,3.33,142.8,7.3,38.53,28.8,51.07,18.84,13.28,0.31,118.0,104.0
124,59.87,3.37,119.3,6.3,28.33,27.23,40.47,13.0,9.19,0.29,87.67,77.0
125,60.87,3.03,113.97,6.27,33.4,27.77,37.33,20.93,13.46,0.32,127.67,78.67
126,67.93,2.87,135.67,6.8,48.27,25.0,47.8,22.54,17.06,0.32,122.0,94.33
127,64.0,2.77,144.2,6.83,45.37,25.67,40.2,13.41,8.7,0.27,161.67,57.33
128,60.0,2.63,127.8,7.3,23.47,30.87,37.77,16.35,10.98,0.26,98.67,35.33
129,63.43,2.9,137.2,7.03,40.17,33.6,32.37,19.37,13.66,0.31,129.0,68.0
130,47.63,2.9,109.3,0.63,21.93,2.8,26.87,9.7,5.5,0.31,80.0,52.0
131,55.47,2.63,138.1,7.17,39.0,20.93,42.83,19.25,11.07,0.31,112.67,79.67
132,54.83,3.17,151.83,6.53,33.23,24.53,36.17,19.31,15.14,0.32,113.67,51.33
133,59.77,3.3,145.27,7.27,36.37,26.1,43.77,20.97,15.93,0.37,147.67,62.0
134,47.73,2.27,99.23,5.2,24.77,24.43,24.93,15.61,11.52,0.25,94.67,78.0
135,66.67,3.5,121.57,6.57,35.47,42.63,27.97,16.64,10.84,0.32,146.0,45.0
136,43.83,1.73,116.43,4.03,25.97,15.1,34.53,26.28,20.24,0.31,101.67,116.0
138,57.37,2.53,127.47,6.17,33.3,23.97,42.23,20.39,16.98,0.35,110.67,84.33
140,57.73,3.0,129.13,6.6,38.57,27.83,34.33,17.7,12.54,0.3,128.67,59.0
141,56.03,2.47,117.97,5.0,29.77,21.1,38.8,13.37,10.28,0.34,92.0,43.33
142,47.7,1.87,100.9,3.27,22.27,20.43,30.47,7.68,5.58,0.25,118.0,29.67
143,53.77,3.0,116.6,6.3,28.1,24.43,34.73,17.83,14.87,0.3,111.33,79.33
144,44.23,2.47,90.67,4.67,26.6,25.57,33.5,9.92,7.36,0.28,83.33,51.33
145,34.3,2.57,86.33,3.53,17.37,16.6,35.67,7.65,6.48,0.32,67.0,49.0
146,38.63,2.53,106.27,4.53,22.5,18.23,41.77,13.23,11.41,0.34,106.67,73.0
147,31.03,2.5,90.2,3.53,18.1,16.87,37.07,6.16,5.04,0.32,77.33,32.67
148,31.9,2.57,76.4,4.23,17.1,16.77,26.4,9.52,8.3,0.32,78.67,65.67
149,31.97,2.27,93.73,3.07,19.33,14.4,39.1,6.87,5.11,0.26,71.0,50.67
150,32.33,2.3,102.97,3.97,22.4,15.8,37.5,5.97,4.26,0.33,88.0,32.33
151,28.4,1.9,99.77,3.67,20.37,16.43,42.53,5.49,4.37,0.3,73.0,36.67
152,34.87,2.5,103.13,3.63,20.7,18.13,41.2,7.32,5.75,0.3,77.67,45.33
153,47.53,2.57,96.93,3.8,23.8,18.4,38.93,10.75,8.39,0.36,86.33,39.33
154,41.17,2.3,88.4,3.6,19.63,19.6,32.6,8.28,6.54,0.35,84.67,45.0
156,44.67,2.73,88.53,4.93,23.93,17.4,39.7,13.03,10.67,0.38,94.0,46.67
157,44.27,2.94,93.73,4.9,22.87,22.47,34.73,12.24,10.82,0.26,77.67,111.0
158,41.0,2.33,74.27,3.87,20.17,22.93,22.4,6.58,5.11,0.28,73.5,81.0
159,34.9,2.5,102.47,4.83,20.9,17.3,42.1,13.49,11.24,0.27,88.33,150.33
160,29.6,2.43,85.83,3.6,19.93,19.0,44.87,7.01,5.56,0.35,65.33,43.67
161,32.57,2.07,96.67,3.8,23.57,17.6,44.33,8.78,7.06,0.37,93.67,30.0
162,53.37,3.1,122.07,0.73,32.8,2.57,28.93,16.46,13.15,0.29,68.67,115.33
163,54.43,2.97,96.83,4.97,32.53,23.17,49.63,18.18,14.61,0.32,93.0,90.0
164,58.17,2.8,97.17,4.57,33.3,21.57,36.7,15.07,12.61,0.33,112.67,64.0
165,62.5,2.5,114.87,5.17,41.33,18.37,41.73,16.19,12.15,0.31,125.67,50.33
166,62.87,3.23,134.47,6.6,35.53,25.13,29.1,14.94,8.31,0.14,111.67,83.67
167,61.2,3.07,134.47,7.57,31.9,33.47,28.7,12.83,8.95,0.28,93.67,95.0
169,41.63,2.67,107.2,0.6,22.53,2.6,24.53,7.45,6.31,0.36,83.67,50.67
170,68.53,2.93,129.57,5.53,40.1,29.63,45.33,13.67,7.92,0.33,108.0,34.0
171,33.3,2.47,88.27,3.8,17.73,20.33,29.53,8.52,7.29,0.25,101.0,54.0
172,51.2,2.8,96.27,5.0,25.93,19.6,42.77,17.62,13.8,0.31,87.0,108.67
173,48.27,2.93,108.17,4.93,30.33,27.9,29.53,21.12,16.97,0.31,97.67,75.33
175,54.43,2.7,113.63,5.73,32.63,26.27,33.7,19.25,13.23,0.33,113.33,84.0
176,63.9,2.93,121.2,5.6,29.47,24.77,41.2,16.08,13.1,0.36,87.33,82.0
177,57.33,3.0,141.6,6.03,33.13,33.2,32.27,19.1,15.73,0.34,95.67,96.0
178,61.83,3.6,125.8,6.17,27.93,34.17,39.67,18.12,15.16,0.31,86.67,97.67
179,60.17,3.03,128.93,4.93,29.97,26.47,48.3,20.66,15.88,0.33,142.33,62.33
180,56.5,2.83,119.03,5.4,33.6,25.0,49.2,17.36,13.21,0.38,126.67,39.33
181,54.57,2.73,98.0,5.37,35.13,26.3,30.63,20.65,14.59,0.35,107.67,77.33
182,54.57,3.3,112.87,5.5,29.83,33.77,40.63,18.57,14.05,0.22,102.0,113.33
183,53.87,2.73,94.3,4.77,32.43,27.5,33.97,16.79,13.56,0.32,86.33,75.67
184,40.37,2.6,91.1,3.53,23.63,21.57,38.23,8.06,5.61,0.32,79.0,53.33
185,49.0,2.97,110.8,6.4,28.43,32.73,40.97,12.99,9.7,0.27,85.0,94.67
186,59.57,3.1,91.4,4.33,27.1,32.2,38.77,15.84,11.59,0.3,85.33,97.67
187,45.53,3.13,102.47,0.43,24.8,2.0,33.17,13.12,10.53,0.34,77.0,56.33
188,49.47,2.97,113.17,6.17,23.63,28.0,26.33,7.36,5.91,0.27,79.0,56.0
189,58.3,2.7,111.6,5.7,37.67,30.0,34.07,17.72,13.05,0.35,104.33,78.33
190,49.47,2.63,102.57,4.87,24.6,22.8,42.6,11.85,9.78,0.31,91.67,65.67
191,53.07,2.63,96.63,5.07,31.93,27.3,26.17,14.1,11.47,0.16,88.67,106.33
193,59.2,2.37,115.3,6.17,27.87,27.3,49.77,13.24,9.7,0.32,75.0,73.67
194,55.47,2.87,85.5,5.93,28.3,25.0,31.17,19.09,15.31,0.36,90.0,105.33
195,43.57,2.3,105.03,3.9,22.63,20.0,37.8,16.15,13.28,0.31,94.67,92.67
197,45.4,2.97,110.3,0.53,24.17,2.57,35.77,15.91,11.96,0.31,73.0,109.67
200,33.27,2.5,88.7,3.43,15.57,16.9,47.23,9.64,8.23,0.3,110.0,56.33
201,57.53,2.87,98.93,5.13,30.4,27.27,41.7,20.59,18.03,0.27,105.0,133.0
202,27.23,1.93,77.27,3.33,13.7,21.33,40.37,6.05,4.29,0.38,98.0,22.0
203,47.03,2.5,114.83,5.07,23.3,31.93,43.3,9.01,8.1,0.22,103.67,52.67
205,55.37,2.73,114.23,5.13,30.77,38.67,36.43,20.63,15.05,0.3,115.67,93.0
206,42.03,2.13,76.07,4.43,21.0,25.3,36.87,5.74,3.61,0.27,78.0,21.67
207,51.6,2.33,104.43,4.27,26.33,25.1,35.77,16.1,11.96,0.33,78.33,82.33
208,48.77,2.67,94.17,4.87,26.1,32.47,42.5,16.66,13.14,0.31,82.0,103.0
212,41.2,2.47,87.07,4.6,25.67,21.2,47.83,9.72,11.75,0.29,90.33,61.0
214,37.1,2.27,89.67,3.4,26.8,18.5,43.87,8.46,6.67,0.22,106.0,67.0
216,49.67,3.37,111.07,0.43,26.6,1.87,32.37,19.82,15.07,0.31,93.33,106.0
217,32.1,1.87,90.47,3.33,13.83,15.9,43.57,4.51,3.64,0.31,50.67,33.67
219,54.3,3.03,110.67,5.67,29.67,29.03,49.3,19.02,14.5,0.33,93.0,129.0
220,41.1,2.5,106.57,4.33,26.3,21.07,42.67,9.22,5.87,0.23,87.67,62.0
221,62.4,2.97,90.57,5.8,39.97,24.13,41.93,12.38,10.34,0.34,86.33,83.67
222,51.77,2.67,101.57,4.0,25.9,21.83,41.23,13.17,10.82,0.31,106.67,69.67
223,28.0,2.1,94.1,0.45,14.9,2.05,33.2,4.93,3.52,0.31,54.67,49.0
224,43.23,3.0,92.6,5.9,19.77,27.5,32.17,21.47,18.29,0.31,80.67,117.67
225,45.37,3.03,103.53,5.53,22.43,27.07,34.27,9.27,7.16,0.26,44.0,95.33
226,45.6,2.63,85.63,4.53,20.63,26.6,27.7,14.65,13.17,0.33,94.67,73.67
228,38.33,2.73,112.63,5.9,18.23,26.5,29.13,21.59,18.46,0.32,96.0,140.67
229,55.27,2.6,89.9,0.5,28.23,2.57,26.47,13.58,9.17,0.31,101.67,63.0
230,51.73,2.53,112.03,5.17,22.53,28.83,33.8,14.64,12.29,0.26,75.33,110.67
232,46.53,3.0,114.33,5.1,26.33,25.33,27.53,15.33,12.28,0.24,94.67,111.67
233,48.6,2.63,105.73,4.63,29.93,27.97,33.13,15.64,12.78,0.31,102.0,66.67
234,43.7,2.47,103.7,4.3,19.43,30.03,35.57,15.67,13.49,0.27,78.0,110.33
235,44.47,2.73,81.63,4.57,17.63,30.07,26.47,11.36,9.59,0.21,59.33,113.67
236,48.73,2.3,108.27,4.6,20.7,27.83,28.47,10.85,9.32,0.27,80.67,56.67
237,44.97,2.47,85.1,3.97,20.3,22.27,26.83,16.15,13.48,0.27,87.0,73.0
238,34.17,2.1,92.8,3.3,12.9,19.43,35.87,8.49,7.35,0.28,63.0,79.0
240,39.2,3.03,116.53,4.73,23.93,23.83,28.57,20.66,17.01,0.27,75.33,123.67
241,42.9,2.27,103.13,5.7,18.13,28.23,24.83,19.21,14.03,0.25,76.33,106.33
242,40.37,2.67,107.43,4.2,18.2,23.23,37.0,14.33,11.03,0.25,99.33,53.0
243,44.13,2.57,96.67,0.37,24.93,1.9,28.77,11.15,8.81,0.31,91.33,77.33
245,50.4,2.57,115.97,4.53,19.13,33.67,35.3,13.4,11.36,0.27,105.67,85.67
246,47.33,2.87,92.27,4.53,24.53,23.73,34.1,16.65,14.16,0.22,81.67,126.33
248,41.1,2.77,113.63,4.2,21.4,27.33,28.03,11.98,9.9,0.17,78.67,93.0
249,39.37,2.57,84.77,5.47,14.87,26.5,26.07,10.03,7.97,0.24,67.67,77.0
251,41.77,3.07,114.43,4.77,20.7,29.43,27.63,18.95,13.78,0.27,98.0,74.67
252,46.93,2.0,91.53,4.03,17.53,19.03,30.03,5.89,4.88,0.27,63.33,65.5
253,40.6,2.33,105.03,6.37,16.5,30.17,24.93,16.35,14.3,0.27,75.33,124.33
255,41.37,2.17,87.2,5.93,19.6,22.73,24.07,14.49,12.36,0.24,86.67,96.33
256,39.4,2.97,96.7,5.07,17.73,30.93,18.73,9.44,8.26,0.24,96.0,51.33
257,46.4,2.83,99.43,4.27,28.67,27.57,31.4,19.38,16.72,0.25,88.33,65.67
258,44.2,2.77,111.77,0.4,23.37,2.43,32.77,11.1,9.11,0.26,67.67,78.33
260,37.53,2.47,100.33,3.93,20.6,30.33,24.13,16.96,14.93,0.24,76.0,131.33
261,39.87,2.47,103.43,4.2,20.07,23.77,28.67,12.73,11.21,0.26,77.33,119.33
262,44.43,2.5,99.7,4.5,24.1,26.07,27.4,14.47,12.53,0.25,83.33,121.33
263,44.67,2.6,93.93,4.13,20.07,33.93,26.1,12.47,9.33,0.18,74.0,124.33
264,41.87,2.43,93.77,4.4,21.3,24.97,30.8,13.79,11.26,0.29,85.33,79.67
267,38.17,2.7,110.67,4.17,18.23,19.9,32.4,18.46,16.44,0.28,70.0,129.67
268,35.7,2.17,81.23,2.73,16.1,18.73,32.5,8.02,7.33,0.25,78.67,62.0
269,40.03,2.6,95.33,4.87,21.77,27.43,31.53,17.95,15.23,0.29,80.0,95.33
270,48.57,2.47,101.4,5.07,17.13,23.4,34.67,16.72,14.34,0.23,88.0,105.67
271,44.87,2.53,87.47,4.47,20.53,25.13,28.47,20.84,17.86,0.25,111.33,102.33
272,41.67,2.47,103.6,0.43,19.3,2.63,24.2,18.92,15.43,0.3,90.0,103.0
273,51.2,2.63,101.57,4.1,22.73,21.4,33.7,12.4,11.13,0.3,121.33,60.0
274,37.47,2.37,91.53,4.03,12.3,27.87,27.27,14.42,11.74,0.23,80.0,104.33
276,39.1,3.17,121.33,5.73,24.47,28.17,31.9,19.07,16.46,0.27,82.67,110.33
277,34.53,2.8,94.97,4.97,19.2,29.17,26.33,17.81,14.55,0.25,78.67,87.0
278,35.27,2.67,112.73,4.57,23.13,26.6,19.87,19.73,16.03,0.29,86.67,103.33
279,45.57,3.13,111.17,5.1,20.83,25.63,28.23,19.45,16.71,0.31,94.67,90.0
280,45.6,2.5,100.83,0.4,25.0,2.37,31.67,15.38,13.13,0.31,82.0,94.0
282,41.5,2.5,100.73,5.0,19.3,38.47,32.53,16.45,12.98,0.25,87.33,100.0
283,43.27,2.63,103.83,5.13,25.0,32.37,35.23,17.27,14.2,0.3,81.67,94.0
284,47.03,2.47,97.97,3.8,22.43,24.43,32.73,12.81,10.07,0.27,87.0,76.0
285,46.23,2.77,109.07,5.07,22.63,30.63,27.1,20.04,16.73,0.32,94.67,79.67
287,42.1,2.57,100.97,4.8,20.57,29.03,28.43,18.04,15.51,0.33,81.0,119.67
288,45.57,2.73,91.8,4.17,20.43,22.83,32.13,13.64,12.06,0.3,64.0,82.67
289,44.93,2.9,114.97,4.47,23.0,28.4,31.33,23.14,19.46,0.35,97.67,110.33
292,41.47,2.9,110.17,5.07,18.13,33.67,27.7,21.15,18.26,0.29,77.0,130.67
293,49.43,3.17,110.77,6.47,26.2,33.17,31.23,25.41,20.75,0.34,120.33,85.0
295,39.9,3.2,78.07,0.3,22.6,2.3,27.75,15.62,13.88,0.31,79.0,75.67
296,46.03,2.67,109.7,4.5,22.63,25.03,26.6,16.01,13.27,0.27,107.0,96.33
297,40.1,3.03,106.57,5.1,20.03,31.57,26.1,17.55,14.71,0.29,81.0,98.33
298,51.77,3.13,110.03,4.83,24.93,34.5,28.23,30.72,26.5,0.29,107.0,82.33
300,48.83,3.13,122.13,7.1,22.97,32.4,26.4,23.33,20.33,0.26,79.0,143.67
301,57.7,2.9,115.67,6.1,33.4,36.23,26.9,28.76,24.53,0.31,123.0,106.33
303,55.43,2.6,107.33,5.53,22.77,25.07,31.77,16.26,12.96,0.29,87.0,102.33
304,42.13,2.17,110.6,4.33,21.93,21.0,31.73,11.34,9.96,0.26,89.67,73.33
305,36.33,1.97,90.47,3.63,16.17,19.4,22.9,10.05,8.61,0.25,77.67,89.67
306,51.6,2.57,90.8,4.23,25.17,18.9,25.3,15.88,13.45,0.24,93.33,115.0
307,27.83,2.7,109.6,6.1,17.5,22.57,24.43,11.61,10.0,0.25,75.0,84.33
308,40.23,2.4,108.07,4.07,26.73,22.37,31.97,15.68,13.49,0.3,113.0,65.67
309,45.33,2.7,100.73,4.2,21.47,25.57,26.9,14.73,12.92,0.24,74.67,123.67
310,40.07,2.93,102.63,3.57,18.17,26.97,31.6,16.11,14.14,0.23,76.67,136.33
312,26.5,1.87,85.07,0.2,15.33,1.67,31.9,13.59,11.57,0.32,76.33,80.67
313,39.73,2.73,86.6,3.8,18.1,25.23,25.57,16.02,13.02,0.25,74.33,116.0
315,43.47,2.53,109.93,5.77,22.07,25.93,26.23,27.09,24.06,0.28,92.67,129.0
317,39.47,2.53,114.8,6.07,23.83,33.23,25.8,19.49,16.08,0.29,100.0,131.67
318,44.93,2.6,115.57,4.73,19.37,23.67,26.13,12.79,10.65,0.24,93.33,113.0
320,45.0,2.67,112.07,4.47,16.2,27.1,26.17,13.24,11.05,0.25,80.67,131.0
321,45.67,2.73,111.87,5.07,18.83,29.57,31.73,16.67,14.65,0.24,82.33,137.33
322,44.8,2.23,98.73,4.57,24.63,24.37,31.93,12.8,11.57,0.25,70.67,107.33
323,46.17,2.73,112.57,6.07,23.13,26.6,28.47,22.1,13.56,0.3,100.67,95.0
324,35.9,2.67,103.0,4.5,20.23,33.67,25.8,22.7,18.0,0.23,74.33,126.33
325,36.31,2.97,93.53,4.27,15.53,31.77,31.8,11.07,9.4,0.29,73.67,95.0
326,48.77,2.77,98.1,3.97,20.37,27.63,28.27,9.42,6.49,0.28,76.0,40.0
330,36.3,2.2,74.93,3.57,13.53,17.5,27.2,4.6,3.67,0.29,68.33,52.0
331,47.5,3.03,94.57,4.73,19.4,24.87,27.53,9.96,8.2,0.23,64.33,87.33
332,25.43,2.33,74.97,3.63,11.9,19.27,31.6,8.27,7.13,0.25,50.0,91.0
333,33.23,2.5,58.87,3.3,13.27,19.57,33.4,12.59,9.47,0.27,58.0,105.33
334,37.17,2.73,79.93,4.47,17.47,26.4,24.77,9.87,8.44,0.27,50.33,94.33
335,46.23,3.5,112.07,5.3,29.73,26.77,30.27,27.47,23.27,0.31,103.67,149.0
337,48.57,2.87,90.77,4.17,22.37,22.6,33.97,15.62,13.37,0.26,81.0,102.0
339,40.17,3.3,101.57,6.6,18.77,28.93,30.77,21.69,18.47,0.31,83.33,103.33
340,44.2,3.07,73.27,3.47,16.83,30.73,26.07,27.16,23.42,0.26,77.33,141.33
341,41.3,3.1,84.6,4.73,18.53,27.7,29.53,13.56,10.96,0.23,88.0,79.0
342,49.27,3.17,101.33,5.77,25.63,29.83,30.17,14.51,13.09,0.29,69.33,131.67
343,35.4,2.13,95.67,3.43,16.6,18.47,30.87,23.59,19.4,0.27,109.0,105.67
345,36.6,3.47,127.5,5.27,17.73,30.3,35.83,18.37,15.09,0.29,80.67,85.0
346,47.93,2.37,118.4,5.93,28.0,25.43,30.0,19.96,17.41,0.28,61.67,112.33
347,39.23,2.43,75.3,3.3,19.83,24.03,27.5,14.91,13.23,0.34,85.0,75.67
348,33.6,2.43,84.07,4.0,17.13,31.9,25.5,10.28,9.1,0.28,51.67,53.67
349,27.33,2.23,78.47,3.7,17.87,23.67,27.7,8.47,6.52,0.29,86.33,46.67
352,37.83,2.57,80.27,4.1,20.5,31.57,25.8,14.94,11.73,0.27,75.33,86.67
353,45.4,2.87,108.23,5.13,17.9,28.27,32.8,11.81,8.68,0.16,48.33,131.33
354,29.63,2.37,83.77,3.4,19.8,23.1,33.87,13.55,11.78,0.3,86.67,77.33
357,24.87,2.0,83.73,3.03,18.1,16.73,42.47,22.18,15.44,0.27,59.0,127.0
358,32.43,2.43,87.43,3.93,14.6,22.8,29.2,10.07,8.66,0.29,75.67,82.0
359,31.73,2.47,81.38,4.4,15.37,25.47,31.8,13.8,11.67,0.27,75.0,78.0
362,22.1,2.1,82.83,3.63,14.03,25.93,36.43,10.18,8.69,0.33,83.67,68.67
364,30.27,2.5,110.83,0.33,22.53,1.83,29.43,13.97,11.97,0.35,68.33,74.67
365,50.67,2.87,109.63,5.1,27.63,24.13,30.97,16.65,12.11,0.29,54.0,84.33
366,45.23,2.47,82.37,3.6,19.23,21.0,29.03,10.31,7.67,0.28,64.67,61.0
367,30.93,1.93,86.9,3.67,20.1,18.5,28.87,13.35,11.25,0.28,89.67,114.0
369,43.77,2.97,88.17,4.37,17.5,27.4,29.2,11.97,10.31,0.29,64.67,103.67
370,40.47,2.13,82.4,2.9,17.7,27.87,27.43,11.64,10.1,0.25,82.67,84.0
371,39.0,2.67,84.7,3.8,18.83,26.87,29.0,13.56,11.58,0.27,73.0,111.33
372,39.33,3.53,93.97,5.37,18.53,28.83,31.83,16.58,15.06,0.27,94.33,96.33
373,42.83,2.83,61.57,1.97,8.4,21.43,27.43,9.17,7.92,0.25,72.0,50.0
374,39.9,2.57,81.53,3.53,13.8,18.17,32.1,12.61,10.68,0.29,80.0,70.67
376,47.63,3.33,80.0,4.73,21.7,27.67,26.73,15.58,13.74,0.23,64.67,136.33
377,40.53,2.7,91.4,5.0,28.9,22.2,33.1,19.83,17.55,0.37,97.33,100.0
378,44.43,2.33,94.17,4.43,24.7,19.56,26.8,18.99,16.12,0.28,78.67,143.67
379,48.5,2.53,107.83,5.87,24.2,25.07,30.5,16.77,12.81,0.27,73.33,106.33
380,40.53,3.23,118.23,5.27,22.27,20.77,31.27,21.35,16.16,0.28,72.33,140.67
384,46.87,3.07,96.83,4.83,19.73,28.72,32.5,23.91,19.72,0.28,62.0,154.67
385,45.1,2.53,113.63,5.83,19.73,19.96,30.13,10.3,9.28,0.23,78.33,75.33
386,41.8,2.77,91.37,5.2,20.13,25.11,28.47,14.75,13.52,0.32,92.67,89.33
387,43.8,2.53,90.3,5.2,23.03,32.13,26.77,13.6,11.44,0.32,69.67,82.67
388,48.87,2.7,89.37,5.18,25.3,17.5,32.53,17.85,14.25,0.25,79.33,145.33
389,38.23,2.77,94.7,4.16,15.1,21.17,28.9,12.21,10.09,0.3,72.0,79.33
390,50.5,2.57,113.43,5.76,28.13,18.06,31.03,23.03,20.13,0.27,113.33,130.0
391,41.7,2.6,94.53,4.72,17.37,20.33,26.93,12.6,10.62,0.25,73.33,104.67
392,40.3,2.93,112.83,6.4,23.47,27.66,31.47,18.18,15.31,0.28,82.0,85.67
394,44.07,3.0,103.67,5.84,23.13,24.1,30.5,26.46,23.85,0.27,71.33,128.33
395,44.0,2.93,87.67,4.43,18.03,22.84,24.4,19.84,17.53,0.27,88.0,100.33
396,30.73,2.03,66.83,2.9,12.03,12.26,31.63,4.05,2.91,0.26,58.33,26.33
397,45.07,3.23,98.53,5.0,18.3,29.33,25.67,32.33,28.92,0.31,77.33,170.67
399,48.87,2.87,116.53,5.46,27.1,20.68,27.67,23.16,16.44,0.33,82.67,115.67
400,48.83,3.3,107.6,4.75,23.33,20.21,32.53,21.11,18.3,0.3,78.0,94.67
401,45.53,2.97,116.07,5.02,24.67,23.07,35.73,24.23,24.45,0.29,100.33,135.33
402,50.03,2.57,105.13,0.53,23.0,2.57,28.43,16.71,13.03,0.19,83.0,126.0
403,41.17,2.7,117.53,0.6,30.17,2.4,39.57,18.17,15.26,0.31,101.33,77.67
405,42.73,2.37,99.63,0.47,23.53,2.07,34.2,14.33,12.1,0.37,92.33,48.0
406,36.4,2.57,88.1,0.3,23.97,2.07,30.83,11.62,9.76,0.3,54.67,124.33
407,52.0,3.13,121.9,4.49,30.87,20.9,34.93,20.37,16.3,0.27,80.67,74.33
408,44.7,2.73,100.63,6.03,25.73,24.73,31.7,25.31,21.97,0.31,88.67,88.33
410,43.23,2.3,90.33,4.38,24.0,22.99,30.77,15.14,12.59,0.28,103.0,78.0
412,42.6,2.9,96.03,3.93,15.0,20.33,23.8,16.72,14.79,0.3,90.67,91.0
413,41.43,2.63,90.0,4.66,23.07,21.72,33.73,18.34,16.38,0.3,61.67,138.33
414,52.73,2.33,110.1,4.92,29.53,22.47,32.0,17.23,15.1,0.31,85.33,97.0
415,35.93,2.53,90.7,0.33,15.17,1.63,33.53,8.89,6.97,0.31,77.67,47.33
416,36.17,2.63,110.6,0.5,22.13,1.9,31.4,21.94,17.58,0.3,87.67,107.33
417,44.73,2.6,103.2,4.13,27.97,17.37,36.13,15.2,13.3,0.29,80.33,92.33
418,45.93,2.6,95.4,4.43,20.3,19.07,36.57,16.85,14.67,0.3,61.33,80.0
419,47.2,3.13,88.37,4.53,20.47,21.37,26.3,23.59,19.08,0.28,87.33,96.0
420,45.37,2.8,83.47,3.93,21.6,18.13,29.33,17.91,14.77,0.28,86.0,68.33
421,42.9,3.03,102.37,5.3,15.93,31.53,26.63,19.75,17.48,0.35,71.0,123.0
423,29.4,2.6,109.2,0.5,14.9,1.6,29.2,9.43,7.85,0.38,78.0,39.0
424,43.6,2.33,93.5,5.23,22.17,22.12,27.93,8.06,5.16,0.24,73.33,73.0
426,47.47,2.57,120.47,6.39,20.37,24.23,38.73,17.43,14.82,0.28,82.0,134.0
427,43.1,2.77,76.9,4.82,19.27,23.03,27.6,7.61,6.48,0.28,62.0,71.0
428,47.53,2.9,103.73,0.5,20.7,1.77,41.87,16.77,12.78,0.32,75.33,124.0
430,42.27,2.47,96.07,4.6,20.37,22.13,24.37,14.56,12.21,0.26,78.67,128.33
432,39.13,2.73,92.37,4.1,28.33,18.3,37.57,10.93,8.35,0.36,70.33,57.33
433,35.0,2.67,67.47,3.3,19.47,14.4,24.33,6.16,4.76,0.27,71.67,49.67
434,43.83,2.53,114.13,4.33,25.37,20.3,30.97,6.62,5.69,0.2,50.67,106.67
435,47.97,3.0,100.57,0.53,23.03,2.33,25.53,24.59,19.96,0.29,79.67,122.33
436,41.8,2.67,114.73,0.63,22.67,2.53,35.4,15.09,12.56,0.36,55.0,98.33
437,48.03,3.03,114.1,0.5,22.43,2.03,25.6,22.35,19.03,0.28,68.0,146.33
438,32.3,2.77,106.23,0.43,29.0,1.87,30.33,20.58,17.62,0.32,96.33,100.33
440,47.83,3.07,101.9,0.47,25.27,2.03,33.63,15.39,13.64,0.31,103.0,98.0
441,50.67,3.27,99.7,0.47,30.8,1.87,32.63,10.24,8.05,0.29,66.33,70.67
442,41.23,2.7,102.33,0.5,19.6,2.63,34.13,16.18,13.07,0.3,83.67,85.33
443,43.33,2.83,110.7,0.63,26.3,2.57,30.7,24.66,20.12,0.29,74.67,118.0
445,48.67,3.03,113.3,0.67,21.8,2.7,37.03,19.83,17.39,0.34,71.33,113.67
446,42.6,2.8,112.0,0.6,21.13,2.77,29.87,26.91,22.31,0.28,79.67,165.67
447,49.8,2.87,107.73,0.63,24.03,3.03,27.57,21.27,18.52,0.26,80.67,120.67
449,38.2,2.6,120.7,0.5,19.23,1.93,34.9,13.24,11.58,0.34,74.0,94.67
451,34.77,2.43,110.4,0.5,23.93,2.6,38.17,24.08,20.75,0.34,90.67,111.67
452,48.2,2.5,102.67,0.5,29.17,2.17,29.2,19.36,15.32,0.26,94.0,96.33
453,43.47,2.47,101.9,0.4,21.87,1.9,29.33,24.25,20.02,0.29,75.67,153.67
454,43.4,2.93,105.9,0.5,23.37,2.47,37.43,20.8,16.09,0.27,118.67,105.0
455,36.53,2.73,90.83,0.57,15.73,2.6,31.6,13.27,11.52,0.27,68.0,120.33
456,39.5,2.17,95.23,0.53,27.8,2.37,28.37,13.21,11.22,0.28,99.67,101.33
457,39.57,2.4,100.07,0.47,18.6,2.07,35.97,12.56,11.02,0.29,85.0,86.0
458,40.37,2.37,94.27,0.43,23.5,1.93,28.47,13.56,11.52,0.25,75.0,120.0
459,42.3,3.03,93.53,0.4,24.17,2.13,29.63,14.85,12.48,0.32,86.0,86.0
460,36.7,2.67,100.9,0.4,17.13,2.2,29.63,7.79,6.26,0.24,58.67,105.0
461,42.07,2.8,106.27,0.5,20.83,2.13,27.07,18.41,15.47,0.32,80.0,102.0
462,26.07,1.57,85.47,0.37,16.6,1.33,40.17,3.09,4.16,0.25,46.0,29.33
463,46.07,2.8,93.2,0.43,26.47,2.4,34.03,15.6,12.28,0.32,84.67,70.0
464,36.47,2.17,101.97,0.43,25.83,2.57,37.47,9.18,7.36,0.26,101.33,55.67
466,43.17,2.43,99.63,0.47,21.1,2.7,28.2,21.52,18.58,0.28,63.0,161.0
468,40.6,2.8,108.0,0.53,21.0,2.63,25.53,24.02,20.04,0.28,78.0,168.33
469,45.2,2.9,101.3,0.47,23.0,2.67,36.3,7.35,4.37,0.3,103.0,17.0
470,42.73,2.63,110.67,0.43,26.57,1.73,36.1,15.02,12.6,0.28,95.67,59.33
471,41.4,3.03,100.33,0.6,27.07,2.83,32.2,8.73,6.57,0.33,74.0,65.0
472,36.7,2.6,99.87,0.47,20.87,2.87,33.07,7.09,5.16,0.3,59.0,87.5
473,50.4,2.73,114.13,0.57,23.03,2.03,30.43,6.34,4.03,0.3,81.0,46.67
474,40.27,2.23,96.23,0.47,22.9,2.27,27.63,7.94,6.65,0.3,75.67,45.0
475,38.63,2.7,105.83,0.47,27.63,2.07,34.5,13.78,11.78,0.3,99.33,100.0
476,41.13,2.67,108.13,0.47,21.37,2.23,33.03,15.44,12.65,0.24,83.33,91.0
477,47.8,3.4,92.5,0.6,26.05,2.6,33.4,23.47,14.37,0.25,95.0,123.0
479,47.47,3.23,120.57,0.67,23.3,2.8,33.67,15.36,12.94,0.27,46.5,143.0
480,41.13,2.63,117.1,0.57,24.37,1.63,38.13,17.89,14.3,0.25,94.33,138.33
481,35.27,2.63,85.93,0.47,18.87,2.17,35.9,5.54,4.33,0.24,65.0,97.5
483,52.67,3.03,108.7,0.67,28.03,3.03,26.77,16.16,12.55,0.3,89.33,99.0
484,38.97,2.57,104.13,0.47,20.7,2.77,35.8,18.77,15.47,0.3,89.67,78.33
485,43.7,2.83,116.57,0.47,22.67,2.0,39.47,14.46,12.46,0.23,78.0,120.67
486,53.17,2.9,112.6,0.6,28.13,2.6,27.8,22.39,17.99,0.29,92.0,112.67
488,60.0,2.83,117.73,0.57,33.23,2.2,33.73,16.95,12.6,0.3,101.0,88.67
489,49.57,2.73,100.7,0.5,21.6,3.7,28.03,6.25,5.33,0.2,34.0,71.0
490,46.0,3.1,101.43,0.53,28.1,1.9,34.57,10.73,7.98,0.3,87.67,64.33
491,46.4,2.87,107.6,0.43,27.1,2.07,38.73,8.12,5.78,0.2,72.67,68.33
492,42.73,2.4,99.37,0.47,25.6,2.47,32.2,11.15,9.9,0.3,108.67,59.33
493,52.83,3.1,90.63,0.5,28.7,2.37,32.27,10.58,6.44,0.3,79.33,60.67
494,37.57,2.8,104.7,0.43,18.13,3.17,35.33,13.51,10.89,0.25,69.0,87.0
495,40.93,2.4,119.53,0.5,23.03,2.17,39.2,14.77,11.43,0.3,102.33,72.0
496,48.73,2.8,109.37,4.79,23.57,21.5,35.83,16.82,13.33,0.33,103.0,67.0
497,39.17,2.57,97.27,4.97,18.73,21.33,30.67,12.12,9.8,0.34,69.0,72.67
498,37.3,2.37,98.33,4.97,25.67,16.97,129.1,11.31,9.81,0.27,80.33,101.0
501,34.93,2.7,105.77,4.8,22.63,15.57,29.53,12.27,10.21,0.29,84.33,57.33
502,50.2,2.73,108.13,4.5,24.17,13.33,32.47,14.03,10.7,0.3,85.33,84.67
503,39.7,2.6,90.57,0.43,23.13,1.7,25.67,12.58,9.92,0.29,89.67,57.0
504,37.77,3.27,85.6,5.02,19.17,17.97,24.7,8.92,7.54,0.24,71.0,96.33
505,41.73,2.47,105.77,4.95,24.37,20.37,41.0,6.42,4.9,0.28,70.67,30.67
506,45.7,3.07,110.33,5.39,26.6,19.5,33.93,21.26,16.84,0.36,64.67,85.67
507,46.43,3.47,103.67,5.36,22.33,22.0,30.47,11.44,9.84,0.29,83.67,66.0
508,31.93,3.03,89.2,3.86,20.4,15.9,28.57,8.93,7.33,0.27,67.33,74.0
509,45.9,2.93,102.1,0.5,27.33,2.27,33.33,14.04,11.01,0.34,89.33,70.33
510,46.0,3.1,107.33,4.37,16.7,21.07,32.73,13.71,10.57,0.26,66.33,113.33
511,42.67,3.37,109.7,4.88,17.23,18.13,30.57,15.89,12.96,0.27,70.0,117.0
512,43.23,2.73,101.9,4.32,24.2,16.92,33.27,8.39,6.83,0.27,81.67,53.67
513,43.77,2.9,116.8,4.39,22.77,22.01,28.03,7.74,5.64,0.29,86.0,58.33
514,44.17,3.13,114.4,4.77,21.27,16.2,31.87,11.33,9.42,0.25,70.0,87.5
515,41.13,2.83,110.83,0.53,26.93,1.97,36.47,10.28,8.04,0.33,108.0,48.67
516,37.1,2.67,96.87,0.47,25.37,2.67,29.17,7.86,8.6,0.3,77.67,86.67
517,39.03,2.83,119.0,5.66,24.63,24.37,29.13,7.46,5.51,0.29,59.0,86.0
518,41.63,2.6,89.07,4.06,24.57,24.83,30.97,6.02,5.16,0.26,48.33,100.0
519,38.03,2.57,101.97,4.05,20.93,20.57,37.57,2.99,1.22,0.22,56.0,47.0
520,39.57,2.7,91.27,0.53,24.67,2.1,26.07,9.8,8.02,0.3,95.67,57.33
521,48.5,3.03,105.23,4.69,29.83,27.53,28.67,6.11,4.04,0.17,66.67,29.67
523,56.37,2.73,118.3,5.34,29.33,16.3,45.33,7.69,5.28,0.36,72.67,50.0
524,37.63,2.93,94.4,5.6,26.1,24.5,35.03,4.68,3.11,0.25,82.67,47.0
525,35.4,3.0,103.57,5.14,24.6,21.67,32.53,4.11,2.28,0.27,72.33,47.5
529,44.77,2.73,98.77,4.49,19.87,17.07,22.63,5.22,4.16,0.29,91.67,52.33
530,49.17,2.63,107.4,4.62,24.3,13.93,36.13,10.06,6.39,0.21,102.67,47.33
531,43.4,2.57,111.0,5.61,23.2,16.03,31.1,8.25,10.65,0.27,92.0,92.0
533,39.6,2.7,95.37,0.47,17.07,2.7,29.17,16.76,13.87,0.26,76.0,108.0
535,39.1,2.4,99.0,0.5,22.77,2.4,28.3,11.71,8.85,0.26,88.33,96.67
537,51.7,2.73,103.1,4.6,27.2,21.97,32.57,6.96,5.1,0.21,81.33,117.0
539,46.23,2.67,99.8,4.84,28.17,20.97,30.63,13.89,11.4,0.22,66.0,97.5
540,51.3,3.03,103.3,4.76,30.23,19.13,35.87,9.45,8.38,0.27,77.67,59.67
541,32.9,2.73,88.8,4.82,18.7,19.13,36.7,3.52,2.67,0.27,78.33,25.0
544,49.4,2.5,97.67,4.46,24.53,21.17,39.53,14.7,11.89,0.28,96.33,85.0
546,44.6,2.33,123.27,5.66,31.57,24.3,33.93,17.75,14.63,0.26,85.67,100.0
547,44.83,2.27,111.4,4.82,24.97,21.03,36.4,15.83,13.0,0.27,92.67,110.0
548,45.57,2.73,92.23,4.99,25.3,17.23,31.2,9.95,8.44,0.32,77.0,45.33
549,51.47,2.9,107.43,5.73,26.27,19.47,27.27,21.85,17.37,0.26,106.0,156.0
550,42.23,2.63,97.23,4.88,26.63,16.9,32.83,5.58,5.31,0.29,82.0,33.0
551,47.87,3.0,107.67,5.29,29.37,26.93,39.6,16.13,13.3,0.32,92.0,79.67
552,32.2,2.0,104.37,4.32,18.9,16.3,36.83,3.11,1.88,0.29,50.0,27.0
553,35.17,2.23,101.77,0.47,20.53,2.03,34.1,11.49,9.52,0.34,74.0,77.67
554,49.03,2.83,114.9,5.5,27.27,20.57,34.7,7.1,6.47,0.29,62.67,68.0
555,34.33,2.67,111.73,4.92,28.7,18.43,36.63,12.16,9.27,0.31,70.0,104.33
556,47.67,2.73,104.8,0.6,22.8,2.23,34.3,14.51,12.15,0.32,64.67,93.0
558,35.53,2.9,101.27,4.93,21.4,21.9,30.23,10.62,9.06,0.28,66.0,91.67
559,50.8,3.4,102.07,4.79,32.67,18.37,37.47,18.34,14.61,0.39,116.67,92.67
560,36.13,2.23,105.83,6.16,20.7,23.93,43.87,6.15,4.1,0.29,83.33,37.0
561,39.4,2.63,112.33,4.95,21.0,17.03,34.17,4.27,2.88,0.33,103.0,18.0
562,36.43,2.4,103.63,5.14,17.8,20.2,38.37,7.06,4.86,0.3,83.33,39.0
563,51.3,2.6,113.6,4.08,26.77,18.13,26.57,5.91,4.69,0.21,65.33,69.0
564,54.13,2.9,123.67,4.94,32.0,24.03,33.8,5.53,2.95,0.34,70.33,40.0
565,38.83,2.7,75.6,0.5,21.5,2.97,33.93,11.87,10.46,0.29,65.0,108.67
566,41.7,2.7,111.23,0.5,35.23,2.33,37.17,16.04,13.37,0.29,89.0,97.67
567,41.07,2.77,102.33,5.36,23.3,22.13,32.43,20.07,16.24,0.28,88.0,128.0
568,45.63,2.57,111.7,6.45,24.23,26.63,28.77,19.36,15.92,0.34,76.0,78.67
569,50.03,2.7,115.17,4.65,26.97,18.81,41.33,6.34,3.95,0.26,90.0,27.0
570,45.0,2.97,124.07,8.08,20.83,28.47,29.93,20.69,18.0,0.26,68.33,207.67
571,48.37,3.3,128.2,7.58,25.97,24.82,26.2,23.1,19.73,0.3,99.33,129.0
572,52.63,2.73,124.03,5.36,30.53,21.42,46.43,8.5,6.14,0.32,76.0,40.0
573,55.77,2.43,125.3,5.66,31.77,21.97,34.47,17.51,14.9,0.29,81.67,87.67
574,46.03,2.93,115.77,4.62,23.3,24.4,30.8,14.76,12.51,0.27,65.33,117.33
575,53.9,3.0,129.1,5.13,36.03,29.73,35.7,25.06,20.44,0.33,95.67,85.67
576,37.23,2.17,98.43,5.21,20.1,25.87,21.63,8.46,7.25,0.25,84.67,66.0
577,56.97,3.0,120.47,6.2,32.33,23.8,34.0,28.04,25.03,0.34,94.33,105.33
578,42.93,2.87,112.6,5.07,24.5,17.39,41.73,7.14,5.39,0.39,69.0,38.67
579,39.57,2.8,101.53,4.99,28.35,23.4,39.17,20.3,17.84,0.34,89.33,86.67
580,47.23,2.63,116.47,5.51,22.47,19.87,30.0,15.58,11.13,0.26,88.67,102.67
581,39.07,2.53,117.23,6.19,17.93,23.43,36.13,17.68,15.9,0.31,99.33,82.67
584,42.8,3.33,116.33,0.6,20.4,4.13,27.53,20.56,18.2,0.3,66.33,130.67
585,56.83,2.93,123.83,5.97,29.8,21.02,34.9,15.19,11.11,0.35,121.0,59.0
587,30.0,2.23,109.37,5.02,21.07,18.36,38.63,8.01,6.25,0.33,72.67,45.67
589,43.9,2.47,108.33,5.2,20.93,18.32,21.9,9.83,8.21,0.26,95.33,53.0
590,41.7,2.43,131.03,6.57,23.6,20.19,27.77,7.14,4.7,0.19,90.67,55.0
591,36.77,2.7,126.5,6.85,20.57,27.91,29.53,18.64,14.56,0.27,91.0,64.0
592,48.0,2.73,121.47,5.31,26.4,19.97,30.2,10.95,8.63,0.38,90.0,44.33
593,50.87,2.7,109.87,4.91,24.17,19.84,30.73,13.35,10.91,0.24,77.67,95.0
594,44.57,3.03,110.43,5.18,27.4,24.08,28.3,11.29,8.21,0.27,59.33,64.0
595,43.73,2.87,108.13,5.19,26.0,25.58,32.47,14.55,10.89,0.29,91.67,49.67
596,39.53,2.97,133.23,6.31,22.4,25.09,22.83,23.49,20.83,0.3,165.0,65.0
597,45.8,2.4,128.73,4.72,22.47,20.96,29.73,9.83,7.77,0.24,93.67,55.67
598,54.63,2.97,125.83,4.94,29.23,23.95,37.17,12.56,9.98,0.27,89.0,81.67
599,50.4,3.1,117.9,5.95,30.3,25.91,30.57,17.04,13.88,0.27,113.0,80.0
600,34.27,2.37,103.03,4.76,23.0,18.66,40.53,5.73,3.7,0.32,68.33,32.67
601,46.57,2.87,114.33,4.66,27.53,20.33,30.13,11.63,8.81,0.37,87.0,48.67
602,43.33,2.83,122.13,6.6,15.87,22.96,24.43,11.84,10.11,0.29,73.33,106.33
603,42.57,2.93,97.93,0.47,28.1,2.2,30.0,19.46,14.78,0.31,90.0,102.0
604,41.87,2.8,121.27,4.89,16.53,24.1,29.0,19.86,17.19,0.32,63.0,86.67
605,42.37,2.73,126.43,5.07,19.67,17.57,28.33,13.26,11.46,0.26,105.67,102.67
606,40.5,2.4,118.0,6.18,19.63,29.92,30.13,10.46,8.64,0.22,75.67,113.33
607,46.0,3.1,127.9,6.51,20.7,23.47,30.2,11.4,9.27,0.3,81.33,81.0
608,53.57,3.07,115.9,4.9,26.63,22.59,36.73,12.62,10.78,0.26,93.33,98.67
610,51.6,2.8,125.37,5.68,26.53,20.78,35.73,6.26,4.67,0.29,97.67,38.0
612,30.23,1.93,109.53,5.2,24.5,20.79,29.2,11.75,8.77,0.3,69.33,78.33
613,39.47,2.57,117.63,4.83,20.1,20.86,31.1,12.96,10.23,0.28,97.33,94.33
614,24.9,1.67,114.83,4.63,19.57,18.79,36.97,8.8,7.37,0.37,72.67,48.5
615,29.63,2.37,103.1,4.52,21.9,15.63,33.6,7.81,6.25,0.32,78.67,41.0
616,29.33,2.27,111.13,4.36,20.17,18.12,43.2,8.17,6.82,0.33,70.33,67.0
617,33.7,2.7,84.27,3.89,16.33,17.22,31.03,8.07,7.13,0.21,91.67,71.0
619,54.2,3.0,124.77,5.04,28.63,18.9,32.43,10.07,7.91,0.27,99.67,68.0
620,40.17,2.77,112.1,5.21,22.27,19.67,25.87,11.88,9.13,0.36,83.0,59.0
622,32.67,2.37,115.37,4.5,19.9,22.83,37.87,8.71,6.72,0.28,75.0,85.33
623,42.53,2.37,107.3,4.06,26.7,18.3,34.13,11.6,9.82,0.39,89.0,40.33
624,36.33,2.73,110.07,4.77,25.67,17.43,37.43,11.78,8.78,0.34,100.33,58.0
625,38.77,2.6,109.3,4.13,22.47,19.03,34.17,6.6,5.56,0.35,43.33,72.0
627,35.37,2.73,108.2,4.27,27.23,15.47,32.87,6.93,5.52,0.29,76.67,48.33
629,48.2,3.1,115.7,5.25,25.83,28.13,43.53,14.13,11.5,13.23,72.33,77.33
630,47.33,2.6,91.43,5.15,28.07,19.57,35.6,16.42,12.99,0.32,81.33,67.0
631,33.13,2.43,93.67,4.43,18.2,22.67,39.3,10.43,4.54,0.34,73.0,45.0
632,38.03,2.63,118.37,4.56,19.67,18.97,42.97,15.68,13.97,0.36,78.67,98.0
633,40.2,2.63,124.0,5.86,25.97,22.03,27.7,19.74,15.8,0.33,84.67,125.67
634,43.57,2.73,89.3,0.57,22.9,3.73,32.1,10.32,8.0,0.31,71.0,87.33
636,43.03,2.83,108.03,5.95,31.7,22.57,31.23,11.8,9.95,0.27,83.33,65.67
637,58.03,2.93,107.53,5.24,30.53,25.73,31.6,18.35,14.59,0.33,94.33,114.67
638,57.07,2.77,107.83,6.24,30.67,25.47,31.3,21.5,17.86,0.41,83.0,82.67
639,55.17,2.67,100.47,5.61,28.5,27.4,30.6,13.23,9.94,0.26,84.0,73.67
640,54.97,2.73,110.4,4.16,28.37,21.1,38.1,15.17,12.13,0.26,84.67,69.0
641,48.93,2.6,113.73,4.52,27.73,18.43,45.5,11.09,8.89,0.39,92.67,48.67
642,47.8,2.57,110.4,5.01,31.2,23.9,36.5,15.51,12.29,0.31,121.33,61.67
643,40.43,2.03,82.2,3.45,32.27,17.1,33.2,5.19,3.94,0.29,64.67,30.67
644,50.93,2.13,93.4,5.19,30.57,23.83,29.7,10.99,8.57,0.31,74.67,60.0
645,42.7,3.0,107.27,0.53,25.03,2.57,35.7,16.94,13.97,0.3,85.0,75.0
646,44.2,1.81,92.57,4.02,25.8,16.43,30.77,14.34,12.52,0.34,82.67,77.67
647,42.53,2.6,105.37,4.74,26.3,21.4,43.9,15.57,13.36,0.36,98.0,66.0
649,50.77,2.77,106.47,5.35,33.83,23.53,38.6,13.67,10.54,0.29,101.67,74.67
650,46.8,2.7,111.37,5.8,28.0,23.17,37.23,20.59,16.46,0.31,97.0,62.67
651,45.27,3.03,114.07,0.5,25.57,2.33,34.5,17.73,14.19,0.31,87.0,80.33
652,53.3,2.93,112.33,5.32,28.03,29.57,34.63,18.99,14.49,0.36,86.33,78.67
653,43.87,2.43,98.93,4.22,25.67,17.23,33.57,9.82,8.12,0.24,98.33,74.67
654,44.13,2.37,103.57,4.82,23.3,16.87,27.13,9.93,8.83,0.3,59.0,73.0
655,51.03,2.07,104.3,5.03,29.5,27.97,28.37,13.52,9.63,0.22,105.0,67.33
657,33.37,2.43,106.97,0.47,21.53,2.43,31.73,14.12,12.45,0.31,79.0,116.0
660,43.27,2.57,90.4,3.93,26.13,24.17,30.07,7.24,5.7,0.29,74.0,51.0
661,33.13,1.97,83.0,4.67,22.63,20.03,37.27,9.89,8.11,0.32,69.67,65.67
663,32.4,2.03,89.03,4.5,18.07,21.13,36.57,6.0,3.82,0.35,72.33,30.0
664,27.37,2.33,97.5,3.9,21.27,21.9,34.43,10.83,9.14,0.39,85.67,52.33
666,43.3,2.6,105.6,5.07,28.0,24.4,40.27,15.03,11.88,0.36,73.33,98.33
668,52.13,3.0,106.53,4.77,26.9,32.17,38.03,16.75,13.44,0.36,72.67,79.67
669,49.13,2.67,112.37,5.13,33.0,22.67,37.6,11.75,7.73,0.33,84.0,46.67
670,41.9,3.13,100.3,0.67,22.6,2.8,33.6,11.57,10.09,0.24,84.33,95.67
672,43.9,2.93,104.37,0.6,18.1,2.4,31.77,21.86,18.88,0.26,81.33,129.67
673,51.43,2.73,107.57,5.0,22.23,17.73,38.9,17.66,12.85,0.37,91.33,58.0
674,44.97,2.7,99.63,5.4,20.3,21.4,47.3,15.97,13.04,0.34,76.0,70.0
675,46.2,3.1,105.63,5.3,33.23,23.87,32.77,21.48,17.28,0.34,89.0,86.67
677,34.03,2.4,91.97,4.47,23.13,19.47,41.1,8.23,6.56,0.28,105.33,52.33
678,28.37,2.1,102.7,3.9,20.73,20.83,41.83,5.73,4.17,0.35,64.67,36.67
679,44.6,2.6,105.13,5.4,25.67,23.13,44.3,10.92,8.62,0.33,82.33,77.33
680,40.37,2.7,106.1,0.53,21.67,2.27,32.5,22.02,18.62,0.27,82.67,115.0
681,47.4,2.27,119.83,4.4,34.33,18.63,24.2,13.52,9.94,0.25,133.0,64.67
682,33.2,1.63,98.0,3.3,18.93,18.17,27.3,3.77,2.89,0.25,64.0,38.5
683,47.27,2.17,113.13,5.93,29.57,20.2,41.0,10.27,7.94,0.29,86.67,61.67
684,42.93,2.7,101.7,5.43,30.1,31.27,30.67,7.58,6.04,0.17,80.67,80.0
685,36.9,2.43,96.4,4.8,27.6,17.7,32.77,10.36,8.05,0.29,83.0,71.0
686,36.8,2.47,101.07,4.9,22.4,26.4,41.8,9.02,7.62,0.35,79.67,41.67
689,52.9,2.5,104.63,5.57,31.67,32.23,30.43,10.58,8.34,0.32,108.67,57.0
690,36.9,2.6,91.93,4.53,21.0,14.17,36.87,8.14,5.48,0.35,55.67,32.0
691,43.53,2.43,110.73,0.43,21.7,2.4,27.5,12.02,9.83,0.27,67.0,115.33
692,38.77,2.37,93.57,3.73,28.1,16.57,36.67,10.97,9.14,0.33,86.0,65.67
693,44.97,2.63,103.07,5.13,30.17,21.97,30.73,16.35,13.77,0.35,95.33,57.0
695,48.4,2.73,104.63,6.07,26.63,29.97,32.13,21.31,18.28,0.36,90.67,128.0
696,41.0,2.77,109.4,4.8,24.87,18.9,39.53,21.51,17.33,0.36,80.0,103.33
697,45.53,2.43,106.9,3.77,26.17,28.23,38.43,14.39,12.31,0.34,61.33,102.0
699,49.53,2.93,107.07,4.63,29.23,23.23,36.97,19.92,16.93,0.37,87.0,88.0
700,41.83,2.1,74.13,3.87,25.47,17.63,30.13,15.16,12.98,0.35,97.0,30.0
701,37.6,2.25,82.57,0.37,19.67,1.37,30.77,7.64,6.46,0.23,60.67,67.0
702,41.3,2.27,97.93,4.67,29.57,22.27,25.9,11.48,9.02,0.25,75.0,78.5
703,34.87,2.37,115.63,5.1,29.07,24.63,35.73,14.48,11.91,0.31,101.67,66.67
704,51.87,2.93,107.57,5.03,22.57,22.8,41.83,16.19,13.76,0.34,103.0,77.33
705,33.13,2.47,99.4,5.23,21.07,27.23,35.27,12.93,10.18,0.39,72.33,68.0
706,37.6,2.63,103.7,4.8,20.77,26.1,35.73,10.91,8.56,0.4,63.67,52.33
707,37.1,2.57,100.4,4.8,26.4,25.23,34.73,14.58,11.77,0.32,101.33,54.33
709,39.6,2.67,113.87,4.43,29.23,21.67,37.87,13.71,10.63,11.52,91.0,54.67
710,56.8,2.93,102.3,0.53,26.5,2.7,38.37,20.95,16.52,0.26,109.0,101.67
711,38.5,2.47,103.47,4.7,22.97,21.93,44.27,9.51,7.58,0.32,81.67,94.67
712,34.0,2.5,103.5,3.57,23.77,17.47,40.27,10.83,8.93,0.33,86.33,59.0
714,50.1,2.93,120.17,5.5,31.4,23.63,41.33,21.66,19.18,0.36,98.33,90.0
715,40.7,2.6,102.67,0.5,23.95,2.13,29.8,15.36,13.06,0.34,118.0,59.33
717,50.1,2.4,122.87,5.1,36.37,24.27,37.53,12.04,10.46,0.34,88.33,62.33
719,47.43,2.47,123.4,4.07,36.37,22.43,41.17,15.26,10.27,0.28,74.67,56.33
720,48.4,2.87,140.53,5.9,31.7,26.3,42.9,10.38,7.43,0.33,83.0,46.33
721,42.7,3.0,110.3,4.67,25.8,25.67,27.57,14.11,10.67,0.26,81.33,76.33
722,47.37,3.0,128.07,4.67,29.97,20.13,36.7,14.9,11.8,0.33,95.33,68.67
723,39.9,2.33,100.17,4.93,24.3,21.27,33.3,12.19,9.2,0.35,70.33,67.67
724,39.93,2.87,100.63,4.97,27.77,24.7,32.03,11.92,9.25,0.36,100.33,54.0
725,41.37,2.97,95.93,4.53,26.43,23.07,32.47,9.28,7.7,0.36,87.67,38.67
726,43.0,2.7,98.23,5.13,22.4,24.8,33.37,18.76,15.48,0.33,96.0,90.33
728,36.7,2.5,102.1,4.47,27.7,17.4,40.4,8.76,7.36,0.3,63.0,52.67
729,50.5,3.0,94.23,0.5,26.83,2.8,25.13,17.93,13.57,0.33,82.33,65.0
730,41.53,2.7,119.93,5.03,30.7,16.7,45.1,9.72,7.12,0.3,70.67,57.0
731,36.07,1.97,82.77,2.77,12.63,16.3,30.17,3.15,2.67,0.24,44.33,42.0
732,41.07,2.63,94.23,3.73,18.93,23.53,26.47,9.59,8.04,0.23,103.0,103.33
733,52.37,2.1,98.43,3.27,26.87,20.53,25.07,9.44,7.21,0.28,128.0,34.67
734,35.3,1.8,98.17,3.87,22.87,23.77,31.07,4.98,3.89,0.25,87.67,33.67
735,43.57,1.93,98.1,3.4,18.07,22.37,25.17,8.68,7.32,0.26,87.33,60.0
736,44.83,2.27,91.67,3.0,24.53,15.1,30.8,9.84,8.31,0.25,56.0,94.0
737,32.57,2.27,85.87,3.73,19.67,18.03,28.23,10.32,9.1,0.28,65.0,77.0
738,36.5,2.4,95.3,0.4,18.2,1.8,26.0,11.78,10.57,0.26,96.0,99.0
740,43.37,2.47,88.53,3.17,12.9,23.17,26.4,11.06,8.83,0.24,94.33,76.33
741,40.87,2.3,90.1,4.07,20.27,17.2,28.1,14.42,12.61,0.24,62.0,128.67
742,39.33,2.57,96.5,5.17,17.83,24.37,30.5,11.49,9.92,0.28,62.67,103.67
743,29.6,2.07,90.93,3.7,22.4,15.8,34.3,5.85,4.56,0.33,90.33,25.67
744,28.53,1.87,78.2,3.13,14.97,20.93,38.7,5.74,4.25,0.33,50.0,44.33
745,60.53,2.6,99.43,4.83,31.73,29.83,33.53,12.51,9.84,0.27,101.33,71.67
747,42.6,2.77,88.57,3.9,32.03,18.97,31.0,7.56,6.56,0.36,103.67,32.67
748,49.13,2.63,85.7,3.6,23.1,19.47,35.33,12.7,10.64,0.22,132.33,85.33
749,38.23,3.0,101.17,0.57,21.63,2.6,26.3,17.63,13.11,0.29,77.67,86.0
750,28.87,2.33,101.43,0.45,17.83,2.55,36.23,17.26,14.86,0.33,66.0,165.0
751,42.53,2.33,90.5,3.77,21.03,17.93,34.03,7.84,5.64,0.4,66.33,26.67
752,41.83,2.5,96.17,3.8,22.63,16.4,42.67,6.85,5.41,0.32,73.67,49.0
753,27.3,2.13,101.7,4.47,25.4,17.47,34.93,6.36,5.0,0.34,80.0,31.67
754,46.53,3.0,86.67,0.67,31.2,2.57,25.83,22.94,19.18,0.29,106.33,117.0
755,43.7,2.2,89.67,4.23,29.83,19.6,37.57,14.09,10.69,0.34,105.0,91.67
756,52.03,2.7,113.3,5.17,25.63,24.1,43.5,17.66,14.86,0.36,118.67,75.33
758,33.07,2.27,87.13,3.23,21.9,15.53,39.97,5.01,4.24,0.34,47.33,50.33
759,34.03,2.57,91.57,4.0,22.47,15.8,35.3,6.57,5.05,0.34,50.33,54.0
760,27.57,2.23,87.13,3.57,13.97,15.87,40.3,9.14,7.52,0.39,71.33,38.33
762,38.7,2.2,106.13,0.5,31.57,2.5,35.53,17.53,14.55,0.33,82.67,105.0
765,31.73,2.1,90.1,3.47,24.8,13.4,32.2,9.6,7.4,0.35,84.33,51.67
766,43.23,2.67,102.6,4.1,19.7,17.3,38.5,8.84,6.66,0.24,67.0,92.33
767,42.33,2.27,107.97,4.97,24.77,21.3,34.27,11.25,9.18,0.29,70.0,60.0
768,32.87,2.33,80.73,3.23,18.3,15.43,34.67,5.66,4.22,0.24,72.0,23.67
769,38.5,2.65,99.17,0.53,26.93,2.5,33.87,10.35,8.03,0.27,93.67,71.33
771,31.37,2.23,81.13,4.03,16.77,17.08,26.97,8.27,6.77,0.2,77.33,74.67
772,50.23,2.17,98.9,3.6,22.2,15.93,33.2,27.41,23.13,0.26,85.33,107.67
773,45.97,3.1,117.47,5.73,32.7,27.93,29.13,8.23,6.11,0.22,72.33,64.0
775,30.23,1.83,98.4,0.47,19.57,1.67,35.8,7.77,6.07,0.3,85.33,43.0
777,43.87,2.4,98.9,0.47,24.57,2.63,35.8,16.28,14.33,0.28,83.67,76.33
778,44.63,2.23,80.33,0.47,18.23,1.87,31.8,14.72,12.66,0.29,82.67,174.67
779,35.05,2.6,105.5,0.53,30.3,3.33,33.23,11.6,6.93,0.31,70.33,91.33
780,45.67,2.4,108.8,0.47,15.17,2.0,47.17,14.9,11.63,0.25,101.67,74.33
782,38.9,2.3,109.53,0.43,18.97,1.83,50.93,15.94,13.78,0.23,69.0,99.33
784,30.97,2.13,97.0,0.37,14.67,1.47,37.63,6.37,5.42,0.23,76.33,39.0
785,46.27,2.73,113.43,0.47,25.07,2.13,40.0,18.11,15.43,0.3,75.67,107.0
786,28.05,2.7,105.57,0.45,25.37,2.15,35.7,17.1,13.85,0.36,64.0,77.0
787,50.13,2.77,121.33,0.57,34.17,2.4,31.67,18.42,13.15,0.29,102.67,63.33
788,40.37,2.5,109.43,0.43,29.07,1.87,33.9,13.93,11.09,0.26,98.0,69.33
789,44.47,2.83,115.13,0.53,20.37,2.37,37.83,8.86,8.74,0.21,58.67,111.33
790,40.77,2.63,109.87,0.57,25.53,1.97,35.6,15.34,11.9,0.29,72.67,85.33
792,41.13,2.53,112.67,0.47,17.33,2.17,48.27,10.14,8.88,0.26,67.33,99.67
793,49.03,2.77,107.13,0.6,19.17,1.97,40.17,8.96,6.52,0.26,50.67,89.67
794,48.4,2.57,131.6,0.6,25.3,1.77,34.0,11.56,7.8,0.22,75.67,72.67
795,59.7,3.2,122.47,0.43,29.5,1.7,39.83,28.63,23.74,0.33,58.67,148.33
796,45.4,2.8,90.0,0.55,11.1,1.9,46.0,7.58,6.01,0.36,92.33,24.67
797,37.57,2.23,81.33,0.37,19.6,1.73,37.03,8.72,7.16,0.31,80.0,62.33
798,52.0,2.77,104.4,0.6,25.7,2.8,30.13,17.01,14.25,0.33,85.0,75.0
799,40.33,2.9,85.27,0.43,24.67,1.93,39.43,19.25,17.02,0.29,79.33,125.67
800,28.5,2.2,85.97,0.33,22.4,1.73,35.77,6.13,5.43,0.25,76.33,53.33
801,32.17,2.3,83.0,3.53,15.03,16.8,41.43,7.57,5.85,0.37,92.67,45.33
802,51.3,3.0,108.4,0.57,31.07,2.2,37.43,11.82,9.27,0.35,80.67,83.67
803,46.3,2.27,81.07,4.5,24.83,20.03,29.7,12.18,8.64,0.23,110.67,52.0
804,33.17,2.33,105.4,3.43,20.9,16.37,42.9,9.58,7.22,0.26,62.0,80.33
805,43.67,2.27,115.57,4.73,24.67,21.17,27.4,24.76,21.38,0.31,94.0,95.0
806,35.33,2.17,99.17,4.53,15.8,25.97,34.77,11.99,10.59,0.26,101.67,92.67
808,38.33,2.43,87.13,4.63,18.5,24.63,30.47,12.2,9.61,0.26,70.33,102.33
809,53.93,2.83,121.7,0.63,28.83,2.43,38.5,21.0,15.24,0.31,80.33,117.33
810,35.53,2.4,87.93,4.13,19.17,18.67,29.47,6.83,5.08,0.17,80.67,48.33
811,31.9,2.37,87.47,4.5,26.27,24.13,24.3,13.08,9.8,0.27,97.33,62.67
812,42.27,2.63,113.43,6.7,19.47,28.03,31.9,25.65,21.98,0.29,100.0,95.33
814,44.4,3.03,107.93,0.53,24.13,2.47,33.7,12.79,10.69,0.32,80.0,67.0
815,43.63,2.13,103.2,5.67,20.7,18.33,30.13,11.93,9.72,0.26,109.67,55.0
816,46.33,2.27,97.8,4.7,19.0,21.53,32.97,10.19,7.97,0.28,79.0,53.33
818,43.17,2.93,90.53,4.5,17.63,23.33,22.13,12.73,10.53,0.26,72.0,96.0
820,34.1,2.57,103.63,4.4,25.1,21.83,37.9,16.0,11.74,0.25,97.33,84.67
821,47.33,2.47,99.23,3.87,20.77,23.23,27.47,13.57,10.85,0.26,87.67,86.33
824,44.93,2.77,125.47,6.13,32.93,26.43,21.83,20.96,15.6,0.26,105.67,100.33
826,35.4,1.87,96.23,4.17,13.47,18.63,27.07,9.96,8.65,0.26,55.67,122.67
